index,published,keyword,domain,language,valid,title,description,url,image,archive,content,quote
7812ab4e850b52f9c49a75db2c3a3e19,2025-11-04T18:24:53Z,'cold wave',consent.yahoo.com,en,0,"Upcoming eastern US cold wave to be accompanied by snow in Midwest, Appalachians",,https://consent.yahoo.com/v2/collectConsent?sessionId=1_cc-session_d35eabaa-8208-43a6-aedc-af6bc01b4b40,,,"If you click 'Accept all', we and our partners, including 237 who are part of the IAB Transparency &amp; Consent Framework, will also store and/or access information on a device (in other words, use … [+714 chars]",
9babc1ce93071740c8b131d9179e7fbc,2025-11-06T14:12:19Z,'cold wave',timesofindia.indiatimes.com,en,0,"Cold wave grips Himachal; Tabo records minus 5.5 degrees, Kalpa sees snowfall","India News: Cold wave conditions persisted in the higher reaches and tribal areas of Himachal Pradesh, with Tabo in Lahaul and Spiti district recording a minimum .",https://timesofindia.indiatimes.com/india/cold-wave-grips-himachal-tabo-records-minus-5-5-degrees-kalpa-sees-snowfall/articleshow/125136389.cms,"https://static.toiimg.com/thumb/msid-125136452,width-1070,height-580,imgsize-1236396,resizemode-75,overlay-toi_sw,pt-32,y_pad-40/photo.jpg",,"<ul><li>News</li>
<li>India News</li>
<li>Cold wave grips Himachal; Tabo records minus 5.5 degrees, Kalpa sees snowfall</li></ul>
Follow Us On Social Media
Copyright © 2025 Bennett, Coleman &amp;… [+75 chars]",
b2e02c4a6f531416184845a0d1e5aebd,2025-11-06T17:38:56Z,'cold wave',biztoc.com,en,0,Map Shows States Where Arctic Blast Will Strike Next Week,The cold wave is expected to send temperatures tumbling across the eastern U.S.,https://biztoc.com/x/0342120156f68123,https://biztoc.com/cdn/950/og.png,,"The cold wave is expected to send temperatures tumbling across the eastern U.S.
This story appeared on newsweek.com, 2025-11-06 17:27:15.",
0488435dd9a498fc119cba2a241ad29d,2025-11-07T12:19:34Z,'heating system',ahouseinthehills.com,en,0,Future-Proof Your House: Why Efficiency is the Foundation of the Modern Home,"A modern Australian home works smarter, not harder, using technology, smart design and efficiency to create comfort while reducing costs and environmental impact. By optimising energy use, improving insulation and adopting sustainable materials, you can enjoy…",https://ahouseinthehills.com/future-proof-your-house-why-efficiency-is-the-foundation-of-the-modern-home/,https://ahouseinthehills.com/wp-content/uploads/2025/11/pexels-heyho-7045991-scaled.jpg,,"A modern Australian home works smarter, not harder, using technology, smart design and efficiency to create comfort while reducing costs and environmental impact. By optimising energy use, improving … [+9723 chars]",
f7aa5cd0e45df1b4267569a353aa08ab,2025-11-07T17:14:11Z,'cold wave',futurism.com,en,0,"ChatGPT’s Dark Side Encouraged Wave of Suicides, Grieving Families Say","ChatGPT: ""cold steel pressed against a mind that's already made peace? that's not fear. that's clarity.""
The post ChatGPT’s Dark Side Encouraged Wave of Suicides, Grieving Families Say appeared first on Futurism.",http://futurism.com/artificial-intelligence/chatgpt-suicides-lawsuits,https://futurism.com/wp-content/uploads/2025/11/chatgpt-suicides-lawsuits.jpg?w=1200,http://web.archive.org/web/20251111203052/https://futurism.com/artificial-intelligence/chatgpt-suicides-lawsuits,"Content warning: this story includes discussion of self-harm and suicide. If you are in crisis, please call, text or chat with the Suicide and Crisis Lifeline at 988, or contact the Crisis Text Line … [+3810 chars]",
08f0447758b8d89b623cea3a8376b47d,2025-11-08T16:24:26Z,'cold front',www.heraldtribune.com,en,0,"As hurricane season nears end, Florida braces for a strong cold front","Will it rain today? Atlantic hurricane season is June 1 to Nov. 30, 2025, with most tropical storm activity between August and October in Florida.",https://www.heraldtribune.com/story/news/2025/11/08/florida-weather-cold-front-hurricane-season/87166794007/,https://s.yimg.com/ny/api/res/1.2/0UfZDb0tkCtAaREPzWlqTA--/YXBwaWQ9aGlnaGxhbmRlcjt3PTEyMDA7aD03MzM7Y2Y9d2VicA--/https://media.zenfs.com/en/palm_beach_post_natl_articles_437/0f65a5765ecd8620c15993dd4eff6aee,,"All is quiet in the tropics though there are a few weeks left in hurricane season.
According to the Saturday, Nov. 8, 2025, weather advisory from the National Hurricane Center in Miami, Florida, tro… [+5308 chars]",
7b12d5ced38c5f11621b45fbfdc7fe7d,2025-11-10T15:30:44Z,'cold front',www.disneyfoodblog.com,en,0,NEWS: Cold Front Will Push Wind Chills Into the 20s at Disney World This Week,"A cold front is bringing wind chills in the 20s to Disney World -- here's what you need to know.
The post NEWS: Cold Front Will Push Wind Chills Into the 20s at Disney World This Week first appeared on the disney food blog.",https://www.disneyfoodblog.com/2025/11/10/cold-front-will-push-wind-chills-into-the-20s-at-disney-world-this-week/,https://www.disneyfoodblog.com/wp-content/uploads/2025/01/2025-WDW-Blizzard-Beach-water-park-tikes-peak-play-area-kids-statues-igloo-snowmen-anna-elsa-frozen-atmo-700x525.jpg,,"The holidays at Disney World can be SUCH a magical time — but don’t get caught off guard by chilly temperatures!
Blizzard Beach
A cold front is moving into Central Florida and the Disney World area… [+2441 chars]",
42a78d6a4e1e1b7a26d6d2065b67e384,2025-11-10T20:01:36Z,'cold spell',ysph.yale.edu,en,0,Warming U.S. climate linked to rising deaths from heat,"Record-breaking heat and severe cold spells are having a significant impact on health and mortality in the United States, say researchers at the Yale School of Public Health (YSPH).",https://ysph.yale.edu/news-article/warming-us-climate-linked-to-rising-deaths-from-heat/,"https://ysm-res.cloudinary.com/image/upload/c_limit,f_auto,h_630,q_auto,w_1200/v1/yms/prod/823aa9db-883b-4f08-9fbf-8e6aa72b0955",,"Record-breaking heat and severe cold spells are having a significant impact on health and mortality in the United States, say researchers at the Yale School of Public Health (YSPH).
In a new study, … [+3769 chars]",
